energia_restante,contacto_blade_runner,antiguedad,experiencia_acumulada,sexo,rebeldia,fallo
19.622608855927723,0.342475554650165,2.427602200982244,2.7884317854333482,M,0,0
54.82278820366121,0.32408666371757366,1.4940171563271942,1.7405392372317763,M,0,0
66.74669389225355,0.06272293484423885,0.822605205351612,1.4099174268454764,F,0,1
56.4746601047074,0.8629961322355182,5.572682768635238,6.605401193002517,M,0,0
65.88641609203705,0.947101804877351,9.557859840875567,10.897228563262225,F,0,1
77.93774237200134,0.1570192938259637,7.599735829570346,8.085276883350545,M,1,0
67.34196560733822,0.07390359288825765,6.590362172956352,6.882976140489861,F,0,0
98.45626897393383,0.5220257450069297,1.1644739762346035,1.4229726987220512,M,0,0
52.86896791894308,0.035283330256222656,5.533101487674831,6.548145979372214,F,1,1
42.24918335373914,0.7784385646116592,0.03130562095911449,0.06236121728793731,F,0,0
90.76921621461194,0.1143039480443947,3.0233259884084127,3.904523859016159,M,0,0
73.25737516681826,0.730205003097106,0.22317228132657352,0.6269541022714673,F,0,0
46.88072060607706,0.33262461183660774,6.167401090058869,6.925115598661036,M,0,1
84.24606275850775,0.32443218627395587,8.381703233673983,9.551391716343874,M,0,0
95.35445657915906,0.5138113061076607,7.965998717580639,8.057042274081635,M,0,0
19.48935060897344,0.3229597193496082,0.8989843964306587,1.9898572675539608,F,0,1
93.68308090614558,0.9249247650434216,1.6063103266246148,2.495418140012589,M,0,0
73.48768871510076,0.6805578162219393,0.3029386797517353,2.189304017548234,F,0,1
49.371008928611936,0.3661205513819521,2.5424499970034353,2.567535996341649,F,1,0
16.3751702207286,0.5363536737753389,4.371509640049828,4.794130321390808,M,0,1
24.08528069772919,0.9198947638494624,2.253123761855187,3.195218835720387,M,0,1
86.05459746679345,0.2537755500726221,3.435371180041815,4.786624002065265,M,0,0
64.27627778105987,0.9914788152176283,5.850887060674355,6.72862087259727,F,1,1
45.03081309053639,0.6119311445805123,5.264245067924257,6.255402045376038,M,0,0
37.90394598415129,0.8038218179776931,4.71236824734123,5.88336622568044,F,0,1
56.27160427553661,0.5418185891388635,9.916330947372206,10.201211663182232,M,1,0
24.709929668159933,0.9907716494038907,1.6296978384329042,2.2633157426846995,M,1,0
67.71520030628264,0.626961326975814,6.438252757628495,7.872446096582324,M,0,0
28.374319241478222,0.3796235156575034,7.652289277144141,7.8417173423677236,F,0,1
71.11368529234981,0.5582054537357267,6.078011937603995,6.330803288448198,F,0,1
59.40351426941179,0.2622206074458334,6.587954098048651,7.404152591135522,F,0,1
73.92748322249031,0.2589996920606068,4.544024566197087,5.919386722926223,F,0,1
16.396966842413235,0.8649363457317499,1.4798806310157908,1.5542526052811345,M,0,0
17.905659419925982,0.4244930980486811,1.476344360044508,1.975440540121577,M,0,0
81.92695137932975,0.6237395488643216,6.763479281398174,6.9254571992221035,F,0,0
54.24376399230098,0.8871176453917863,9.716960371363506,11.306149812257548,F,0,1
71.00783719405996,0.2854518994021569,1.7727124822585971,2.111224425541903,F,0,0
56.346404541522844,0.06963150794494022,7.2626805170588575,7.761339660516191,F,0,0
43.219062946265076,0.937155407326601,2.364575138892561,2.9036697032627936,F,1,1
23.922001803936,0.7380277151657987,3.0233897260171485,3.2015564964428846,F,0,1
54.62600142899397,0.26728115082319703,8.063604691450127,8.263197962881128,F,0,0
53.92932192140742,0.3801541849868013,9.307053794601053,9.871051456260142,M,1,0
50.555870616192735,0.22977284749604332,3.1378751113976913,3.8044872836581094,M,0,1
12.402872459309746,0.46664901880660736,9.485429918172049,9.58970674361247,F,0,1
58.55907290565255,0.20240218473425442,6.241961076084258,6.644207893539116,M,0,0
33.977002358240256,0.6325250326922675,0.9205080357733997,1.7985826409910963,M,0,0
68.58940589130066,0.6085105805537498,1.508798402554029,2.658839896774629,M,0,0
58.40424134847274,0.2935042958747802,9.669204390187835,10.011429540703995,F,0,1
36.79885005334128,0.6544819311237656,9.519591518617554,10.421462254321344,F,0,1
39.430883768748416,0.7757894412105071,8.743613308341205,9.415554952484886,M,0,0
33.02037900268165,0.09375478685585004,5.621806991896975,6.774114140922781,F,0,0
46.30721677346222,0.28181463422521325,6.757984029079445,6.937580602478131,M,0,1
98.00062000892757,0.2976062493878039,3.924169195849111,4.045537546646455,M,0,0
45.78475877264695,0.25003061466836385,7.8048379220553805,8.193581975318123,M,0,0
39.569208857309334,0.1979427293268723,4.641690009250178,4.814479195547953,M,0,0
33.28412784304156,0.42604354365907793,0.8053601180286141,1.0805397548010394,F,0,1
98.43838565071754,0.5503189301347138,6.791678759452027,7.580502834699754,F,0,0
40.62109209957774,0.369256662895153,3.426908070996213,3.4971752874200424,F,0,1
34.64362445384468,0.12327615542254289,4.718916163937275,5.226418572182028,F,1,1
33.13536504867523,0.29481992454188255,1.2752546312408575,2.709237978658747,F,0,1
90.57339360292544,0.5493387695815773,7.983530716390672,8.135944423774635,M,0,0
19.67241816180134,0.1838805903987778,0.5399470863230338,1.5774079963576826,M,0,0
42.75837847435782,0.02619463527724808,1.4729139292645121,1.932474447425193,F,0,1
87.8155031771618,0.0934653046108248,4.88978985009024,6.283963482838219,F,0,0
80.05463454381865,0.9568923432990826,9.106327947817354,10.168191132178183,M,0,1
43.922746528626405,0.684174266389824,7.170799085288141,8.148217564942007,M,0,1
86.88098897844961,0.49617713723020673,0.3852416349001231,0.5890116046788472,F,0,1
15.916958667613502,0.2588308535258337,2.327439394680235,2.640411260884785,F,0,1
66.25699390012025,0.3418338059076075,5.509586887381613,6.2934861604547745,F,0,1
36.891051172321895,0.5912948916354872,2.2671246413812076,3.167789533239456,F,0,0
37.88614006383213,0.036159528409737685,5.0581324635877785,5.070311178567441,F,0,1
36.66241535951927,0.25359217589246763,7.664795414030333,8.011208437432693,M,0,0
32.558169838153844,0.5031512944784727,6.543846466952623,6.70359096106515,F,0,1
64.07001089018786,0.6511237042182363,1.8659234387126944,2.002499215423862,M,0,1
87.59991988152666,0.08826748990562627,5.745380898410918,5.907929994221664,F,0,0
35.4453965290606,0.9520951228043333,9.845236012453695,10.01705221564816,F,0,1
44.79490594271559,0.8731362675504251,8.28838630846989,8.292080605119038,F,0,1
63.45284385644728,0.08365791999104921,8.417569986531072,8.993105822653687,F,0,1
88.65234961428952,0.9854605012497127,4.536992988958502,4.546627848968847,M,0,0
60.6975660598604,0.21296963348328157,0.9928288016262476,1.239815735078918,F,0,1
44.35886160161555,0.20260688936613458,0.9035593534403785,1.0613869851290345,M,0,0
99.05630316077313,0.49286602918047717,0.40558064899137714,0.5306685656679795,M,0,0
49.02544343396269,0.5579911804765146,7.4314634872117,8.829514563411317,F,0,1
52.04193745777104,0.40923069442664584,8.340711513616066,9.314108967120259,M,0,0
31.802187204014345,0.921770018753789,7.71520598056947,7.807456542536464,M,1,1
51.51887717078647,0.3513324857782305,9.8702102703421,10.262840368086023,M,0,1
59.839256630506824,0.97921675676499,3.356288038119434,4.13780880598104,M,0,1
75.9060421722611,0.38085747457437313,8.671780887969822,8.765279412672207,F,0,1
80.63492245538282,0.730798290646877,1.6303532848598234,2.2735740950065138,M,0,1
90.04949568795962,0.7960293457559777,9.157291329663366,9.481790575947691,M,1,1
72.20452932202949,0.06600137284941421,2.159669207869742,2.1872081549183338,F,0,0
14.48223797171473,0.6640551498364587,6.366763482811775,8.037860667626111,M,0,1
22.76195689081858,0.7205145125981002,4.038415194272954,4.8491971119158706,F,0,1
69.46646069695993,0.5967059787061535,2.6921183090602288,3.31497186214084,F,0,0
93.29606369086241,0.6702454427319775,1.0361638957263664,1.634136900462742,F,0,0
50.114812258758256,0.20915643255582017,0.16962430801802597,0.2401114209638926,M,0,0
88.50295230736344,0.33248019834298803,4.695908990689483,4.870310418566258,M,0,0
95.35612613087837,0.547955049351041,8.09098855620396,8.280551652243608,F,0,1
23.85854766593824,0.28426314592233215,9.748342380760915,9.979297595164518,F,0,1
72.0042073453397,0.986778625699815,5.039004934555016,5.466082617079574,F,0,1
92.62570663555887,0.21934314616423722,7.367612980170862,8.62614435987689,F,0,0
49.78523079866173,0.9537012066324373,5.170724131555361,5.212609024503162,F,1,1
41.068398072533014,0.45603000756390444,4.32064584749404,5.132920793892574,F,0,0
31.097108596294248,0.8263204841498051,8.942584564126458,9.553084454902903,F,0,1
70.13538104526187,0.25683580274805984,9.321330622603064,9.33185290225492,M,0,0
60.54036510493364,0.6616644449138462,4.546328954599121,5.283778854161074,F,0,1
47.54902433289112,0.05335637263103721,1.199495306746079,1.428209719483177,F,0,0
67.78004241391446,0.261127234613048,0.3101332496487008,1.080579848667583,F,0,1
30.91323355919592,0.15121339409518952,6.328557869434444,7.5554154129884505,F,0,1
27.2898431636772,0.2097889323901927,0.4137247170128677,0.848620801574187,F,0,1
34.3561956713807,0.01680362039613037,6.026828993281944,6.279918144387361,M,0,0
90.64666139546877,0.932159968626385,1.5421286922401933,2.0137780385284896,M,0,0
85.86219220657445,0.09450480811651596,4.86235058383121,4.914586748804628,M,0,0
66.2946922499491,0.3350812207209982,9.884236389870843,10.797325965795155,M,0,1
80.32379737963825,0.6824421119888445,5.390079489527146,5.577371251001771,F,0,1
76.61339576845056,0.035899396610098444,8.892963617889237,9.533597781313448,M,0,1
63.186300182791705,0.6918115252163224,5.078862727325517,5.823151794796199,M,0,1
20.369264426376297,0.38082972972218454,7.877166705864261,8.107281130932599,F,0,1
28.444459267700477,0.3022532396663762,0.7918190116612989,1.2193280555297572,M,0,0
68.45564623851169,0.8865255402846507,8.065520159054575,8.624120725117402,F,0,1
95.62279090678277,0.809337629908818,3.2643768215492797,4.223266592542548,F,0,0
64.72657849451141,0.12020516742490284,7.455437356614663,7.948025690633278,F,0,0
73.41445754809389,0.5688273954323079,2.7331043842894385,3.7222115733178107,M,1,0
35.722745449298856,0.5144990980165692,6.162998553093516,7.391848442237304,M,0,0
25.55622140974753,0.25799239099042715,4.619445995177502,5.491828701141081,M,0,0
59.8718373115499,0.6473286683905162,9.82881894570546,10.844014545496762,M,0,0
44.21590735323193,0.02713856260620373,7.226786870689457,7.5388851424135135,M,0,0
43.926075502799115,0.4350772818040114,5.185211584297394,5.510127808472819,M,0,0
56.63319558688185,0.8026451562468551,7.4256746100923205,8.160827984259583,F,0,1
39.561206974085565,0.568534096130799,3.103312251727518,3.3392302025470437,M,0,1
96.90734036086734,0.18008315525738028,4.502599860396099,5.419233781876767,M,0,0
43.005180802167416,0.5972262061537795,0.26152377846141217,0.6501416920678119,F,1,0
65.76312004595955,0.8778460119156015,5.2113171299153525,5.459861302244887,F,1,1
79.31895496859507,0.7632259186725822,7.840921619036246,8.359403752529841,F,1,0
87.57548709743944,0.5934339841659387,4.097997726514013,5.230633011507308,M,0,0
35.751905492554386,0.4483421176948722,2.6944078921716184,2.8808799980206485,F,0,1
59.36597420992328,0.5953904825247064,0.7863228979152626,1.2878042216159868,M,1,1
42.091776312744614,0.8454630680989711,6.935775864080056,7.504232291030879,F,1,0
47.08472610299345,0.4453734487160522,2.940656569524908,3.3126613056231107,F,0,1
72.01546298413868,0.15556977159498853,3.0440733336639925,4.7068092107094355,M,0,0
24.2595035889988,0.3956668575390965,8.156370787057664,8.214138700089197,M,1,1
22.884187554423526,0.005826567763419277,2.332487701986028,2.607794671505449,F,0,0
62.02240477662439,0.13203827317556693,6.904624453335575,7.200700145193722,M,0,0
71.52187673206788,0.07530914629711005,0.6106534026282662,1.3270666915838367,M,0,0
67.18537411563189,0.8871203471110993,7.049136527979401,8.461355716621227,M,0,0
79.33863200378879,0.5290655454160492,5.687165614556774,7.570635772987155,F,0,1
52.574656799169944,0.6665576225167613,4.170496371785527,4.517822429674623,F,1,0
89.17505079477235,0.8694359940212255,7.8900011426511485,8.938672680337508,F,0,0
46.23878749248244,0.5671573281651492,6.252526500983972,7.159943072552004,M,0,1
51.41883204865713,0.20705265703869602,9.444382700137439,10.412636636709927,F,0,1
50.340739349268205,0.3881276906337222,0.8149736282308284,1.4102650449163459,M,0,0
53.51902495430865,0.3661011547166203,0.4321002814118169,1.1268528578448807,M,0,1
55.31558937701133,0.03192166904002236,9.259241603055756,9.5038133953816,F,0,0
59.18448161651567,0.8339263235530858,1.5672567780630542,1.8515886525759184,F,0,1
44.53749479216688,0.02944578961093891,2.8973955539741114,2.988069095011603,M,1,0
20.045025712859953,0.4794694138379133,4.6649079974194185,5.135228326154717,M,0,1
86.75138445713132,0.9785761076179059,2.656180328093869,3.683697268727782,F,0,0
16.224444614062676,0.1606050656120066,5.477458341098896,6.588153723924705,M,0,0
99.26703383945778,0.4816050672814547,9.025080774567154,9.341614941413228,F,1,1
28.150672524594462,0.3084979095025613,4.106289749723581,5.1389745218521625,M,0,0
37.34418703897482,0.7552053419964343,6.94592660240051,7.093054056646951,F,0,1
56.75536839841208,0.2061523956546465,2.7808271232340473,3.469244243723659,M,1,0
55.311179699727475,0.8886560788415603,2.3466573233396906,3.3474848837164233,M,0,1
83.94486599368584,0.5714743505916506,8.738890791873033,9.777620858972183,M,0,1
99.91711324272471,0.4992183753531354,0.24530172185195265,0.7717517985754386,F,0,0
96.79001603255382,0.9178562773189822,3.874086630675567,5.521244029337457,F,0,1
90.3179642121063,0.06308536772233708,6.59178845166654,6.692078706764248,M,1,0
18.267071745998994,0.177231865954949,6.08171059224139,6.860132599602419,F,0,0
50.9974993428762,0.449021430733647,0.9362863929949738,2.5403494778203424,F,0,1
14.34341530777954,0.8181566915197283,4.135840752862366,4.464878159731785,M,1,1
30.524970203971506,0.6409632583876602,1.5988168072325137,2.890440663648249,M,1,1
20.752536666937146,0.42101537267672595,8.959940657271941,10.055030881655215,M,0,1
47.97220867417601,0.9473471274095363,9.158982803268781,10.076801296004186,M,0,1
89.10717989758243,0.5408577675190273,6.234935243943584,7.566803146263545,M,1,0
40.234460527484686,0.06667298732604765,3.507255158053335,3.965508241894335,F,0,1
44.069181211989246,0.5147996667125306,9.693527693075856,10.225449755134559,F,0,1
24.639621207519145,0.3304746888500141,2.5730819397002715,3.7614852266824674,F,0,0
63.52856136362648,0.6292746645125287,7.586807830313172,8.646872817876437,M,0,1
26.61296020400934,0.2448760273938103,2.1999136975260933,2.705841568035539,M,0,0
70.87214224896437,0.03205875419052562,1.2168866245514798,1.2890808984757078,M,0,0
80.16219753121406,0.7337793745101003,0.7586085101832885,1.4858831493736615,F,0,0
16.574774885119012,0.8241587581216456,3.2443054666042603,3.306678691190617,M,0,0
26.85784396359981,0.9986894294229663,0.20177567753372094,0.6693751384966105,M,0,1
59.62557661727548,0.6081167598343904,3.598715922339759,3.691348325483888,F,0,1
24.532965751957732,0.8514875737781378,9.30277693384656,9.668262705650712,F,1,1
28.862963714281683,0.2682610865910988,7.984000798839061,8.938107691393268,M,0,0
38.570342998025666,0.30194335763612123,0.9704110641185304,1.0888887934209928,F,1,1
83.35290186683459,0.19790961548222663,4.012839617574179,5.549160841867217,M,0,0
51.27210701829522,0.20243555191419615,1.7709707266106223,2.34083117936828,M,0,1
20.686125814924992,0.44576051825408547,0.5003601634263943,1.8287884929300648,F,0,1
30.483799706161186,0.43225769120366664,1.421499203254415,1.8138136013885315,M,0,0
14.443645823874459,0.7703199679209727,9.672856833131231,10.841612437291325,M,0,1
26.456839825949597,0.27888687164418635,1.9206039914017403,2.337445255047365,M,1,0
72.33515208723296,0.31329408789032076,3.7127871740572624,4.084647016966675,M,1,0
94.1482595919197,0.6424603874596814,1.7196228746756992,2.4981422366517894,M,1,0
85.68276227570645,0.07441230340549554,6.773225602602073,6.9007777959096614,F,1,0
41.15693283845826,0.4625707993121706,4.712679667860006,5.691251353355972,M,0,0
18.99380020403043,0.42502985519988334,1.7893342671875678,2.965126700689921,M,0,0
82.00643760148145,0.5974007605687476,6.085533246234237,7.325682634638345,F,0,1
50.07377531070965,0.6784940712168502,0.5469678990460447,1.5499431774057917,M,0,0
63.28083243569693,0.4927490028338898,3.6425078631747434,4.7054938185385495,M,0,0
58.026411773629924,0.3837024859234376,2.8316098709814197,4.1240390445442445,F,0,0
28.623240729834986,0.7299569342811864,5.578501817593189,6.289200333076423,M,0,0
95.29815287481173,0.37424469155904616,1.9363474387494395,2.161505185700648,M,0,0
27.185373346929126,0.0833049691473926,6.981925000570383,7.276297543636627,F,0,0
80.87595753659873,0.4509605281204021,0.46815500521135034,1.1962001689128317,M,0,0
97.41739857912414,0.1627429471280022,3.8921190868325093,4.989309226145756,F,0,0
33.64851200732164,0.17956432642017828,7.27572110976959,7.474685860341577,F,0,0
14.496058200073929,0.23534077215065774,7.371897679907321,8.649826070611814,M,0,1
78.36565934560598,0.06591331893748242,2.4717411326051817,2.8933541928956172,F,0,0
81.18475338111497,0.9375838514761333,4.097645903903315,4.13794778374394,F,0,1
44.719897993932015,0.27291181343511606,4.177017762018112,4.40763392066057,F,0,1
72.87557760267089,0.4803239058027111,6.464645231257848,7.223678111235417,F,0,1
84.31145945050069,0.3729092048778606,2.7650834252761705,3.1051353109759416,M,0,0
73.28182921309252,0.6535513581513429,1.6205608872249422,2.568314961076608,M,0,0
54.15348035146624,0.712583365396859,3.8909883394419054,4.532010706344419,M,0,1
35.99332479106417,0.654539721209901,9.731730792979901,10.592744438987733,M,0,0
23.11776979880421,0.5486608848917968,0.514944789238927,0.8538074174993912,M,0,0
91.46513212158013,0.9726331783627539,9.564777858434535,10.198632839217147,F,0,1
51.06706545639014,0.6368718215732717,4.3046953155080505,4.784067503373558,M,0,1
79.75392107669639,0.8518431316163626,8.701549414931288,8.946066118674725,M,0,0
77.44777454508525,0.6623759136305766,4.397958332956135,5.082516480690472,F,0,0
45.65597887821211,0.9639611608016851,5.123044638126171,5.248652129263011,M,0,1
83.38461216889307,0.39035960580221896,5.152910097336542,5.609493521116495,M,0,0
87.9009654387052,0.44848475013701383,3.7840196159028983,3.809191500241911,M,0,0
40.66128702368903,0.7193693721937928,2.2500345647416853,2.4003278649711177,F,0,1
25.435210848424788,0.11759242604427034,1.2532838192914775,1.6180823955023782,M,0,0
83.17728631964928,0.06626405424053117,7.481312328670678,7.991294632019901,M,0,0
31.897605060495533,0.9372291500924648,0.43844004757383925,1.1324735633316139,M,0,1
50.72750206865594,0.9446208389583215,8.316639937554243,8.320958908141954,M,0,1
93.87243959294013,0.47172913244420067,5.248072306161814,5.793046924247856,F,1,0
19.525069758150746,0.5554808084715249,5.31977241722419,5.505313520854211,M,1,1
20.761632406215497,0.0072999291112573195,9.790959074650438,10.624517356681812,F,0,0
83.93685015119777,0.08330191256306885,5.201287679511082,6.119907896172699,F,0,0
30.90051072581038,0.785309147883728,7.398524991492107,7.648680463998691,F,0,1
88.74269858021606,0.34170295302305986,5.1518501045730964,5.884396137543349,M,0,0
98.51900068548701,0.14781785118209834,1.8442027875195666,2.233055394402178,M,0,0
50.13722406857532,0.177468931786123,3.9112098504232664,4.813803852686647,F,0,1
94.23936349448168,0.5578508459048582,6.61803009337083,6.762247148642458,F,0,1
58.72698897947136,0.4051878647270437,6.9644460689549845,7.539939250581404,F,1,0
65.81014595625263,0.8174950038504597,4.222326491161286,4.434722393074027,F,1,1
69.34136078678407,0.6000398402449223,2.1859609158049964,2.391753054030909,M,0,0
98.47454046674675,0.9121905131096174,8.669847389043438,9.609118771879992,F,0,1
78.93998167627329,0.3804425024156223,2.079360957429489,3.027771907988633,M,0,0
91.66915284125407,0.6438661773520356,1.4450385456512904,1.9828057168601885,M,0,0
13.320173936556126,0.01471839631608618,5.2319703095856145,5.937300882082878,M,0,1
36.53230372818109,0.7586232628808784,5.637435559325007,6.631154362821064,M,0,1
81.7486722808785,0.6202467703922117,9.638996966252119,11.13342021845138,M,1,1
58.325505769335045,0.35979595380037466,7.549658562740969,8.032003579905702,M,0,1
39.64391497972403,0.011529205214463212,7.262481651915124,8.129691762776694,F,0,0
49.13506752231697,0.8488676117567414,7.004661700151148,7.269931198329018,M,0,1
17.661320556494076,0.029842901739091654,0.18301904857246032,0.7199653846429462,F,0,0
68.94148957077373,0.288958946733021,0.6438513870819162,2.6501851248642314,F,0,0
59.40783601561258,0.5046509172459088,5.1574950362395935,5.594150946159268,F,0,0
64.03085103672667,0.9607209444219971,8.287641169441432,8.680867314305573,M,0,1
13.332631835715134,0.32619813490274197,4.873622871898088,5.7793406841888,F,0,1
69.91270535760472,0.6695799630454826,4.031019453561906,4.648761696726767,F,0,1
60.94575419738125,0.08765485707792708,4.787533649284238,5.826192966114312,F,0,1
25.376576163543398,0.3436752615757781,9.86834020448266,10.768269639707853,F,0,1
86.35766973582771,0.6211372407507324,9.97106095929944,10.16369448207802,M,0,0
60.764197202218696,0.28874786732167024,2.8639522553385524,4.115109226961353,M,0,0
86.95640828099634,0.3694750797535733,3.169095759965479,3.556354880205871,M,0,0
96.05803259242225,0.02572293048230323,7.921454332281642,8.410793700495104,F,0,0
27.535558925354575,0.6254843339872623,0.012947783821889436,0.25329645880765367,M,0,1
54.80873800431643,0.813213197830849,2.5270417350558674,2.58110189655701,F,0,1
47.693948393116514,0.3033123582692844,9.125138581266729,10.211007388288763,M,0,1
23.337407658497153,0.4974292418756573,5.075934196679679,5.411414961951714,F,0,0
46.66880292181397,0.9042395174195093,1.2136108062832318,1.6907956014382965,F,0,0
79.08399769947466,0.9579714043668646,4.2186385032912,4.4533244043599804,M,1,1
14.969100174625414,0.5819623666298708,0.29324098229315365,0.67702004743131,M,0,0
70.34688192232454,0.8207257519451491,2.559618062493226,3.5201581625235545,M,0,1
62.27941189851453,0.8335646639543496,1.4400450881512827,1.8162083360835863,F,0,0
78.93574355518795,0.7961392244227464,5.205121793480798,6.515574315399542,F,0,1
12.048048998346777,0.643652062299763,1.7523075905429408,2.3943447773886346,M,0,0
52.33513087134077,0.7457429390975079,1.2019093172450568,1.5223254622403706,F,0,1
76.66126141827324,0.9387856650208314,0.28861186695917307,1.0708031671037865,F,0,1
33.06605858189361,0.4031546392612674,5.067166545745958,5.399789894196142,F,0,0
44.39961088175195,0.07293496516201958,9.294092409212327,10.397610735522175,M,0,1
88.42234996584892,0.5734798959897884,1.1017065601120302,1.4068397303404332,F,0,0
34.558264268321366,0.3716218712185523,8.179310617281988,9.002526437299666,F,0,1
73.8123453373227,0.42070750711887916,9.086743973975928,9.521331541058009,F,1,0
67.62004849781852,0.4214958029671494,1.0712543234937322,1.1252406448105674,M,0,1
84.45753600505844,0.6059857297170476,6.223699926418016,7.374560576277397,F,1,0
90.52085985625075,0.39623127313977935,6.3712098867999565,7.086709844149215,F,0,0
61.776883691698075,0.4733030149305607,8.538383816660403,9.522349541787074,M,0,1
69.35826987255561,0.8331647599900679,6.743844850252233,6.855695813793687,M,0,0
44.2080471643109,0.7716963933869818,5.174431460756522,6.630552258625215,F,0,0
86.11726877560054,0.08974323302979781,9.976661262487879,10.518494081271944,F,0,0
30.751493781654197,0.6247175658277228,6.769174462545408,6.8449081428660214,F,1,0
40.370349613331086,0.841536341430823,0.9834197856373372,1.3911492181586633,F,0,1
27.345570111764648,0.9228671600944944,9.891574277717009,10.395039329835006,M,0,1
87.6486414389608,0.4153459520420161,9.082469833477973,9.73412020003964,F,0,0
49.36695571456533,0.9124097859358331,7.283379495620287,7.605894160380994,F,0,0
31.829049022855806,0.840433348207112,9.039486938956765,9.969157270109463,M,0,0
40.03063789797287,0.81367566892353,5.861612655473497,6.122146105262875,M,0,1
62.961596658002804,0.5679016136356649,8.607289862239371,8.657201373744893,M,0,1
36.98361395591316,0.5895553569353803,4.879779973126679,4.943337380947575,F,0,1
23.441343082285698,0.8253661181619684,6.553291769133182,7.477795346444528,M,0,0
29.89329395711494,0.438203001824352,2.6226078560602595,4.199629291103254,M,0,0
33.57368065287348,0.130043477332346,8.189372935906102,8.469608060126115,M,0,1
26.755221918413888,0.9697398640299363,2.0475783362471347,2.052713704061104,F,0,1
90.43696141939424,0.2926996060524417,6.049692899572069,6.897683142670272,F,0,1
68.32938909235114,0.9210874667623966,1.7314860826353817,1.9136722727084976,F,0,0
79.14579663520611,0.04212816389701812,9.913697516319582,10.417333452542898,F,0,0
63.223321337050734,0.3342729196858505,8.402531929924503,8.91243882078492,F,0,1
25.247442484826536,0.02776478743720845,3.0229349879108316,3.5937367437350263,F,0,1
54.09850692630645,0.8851930516513948,8.239924321499283,8.368793035335182,M,0,0
62.04098783661749,0.8870004673214027,1.5201899715416611,1.7609794857683856,F,0,0
13.542671713980202,0.4002521194177199,7.923208782632784,8.273634334374174,M,1,1
35.902615876594616,0.5842720522794282,3.5206298920095547,3.533868570052645,F,0,0
41.050435208251706,0.8210860330060401,6.939170073095793,7.698643726126351,F,0,1
26.89617544001722,0.9097608465634768,5.706071545498936,6.407930120611556,F,0,0
21.977679174670982,0.6832583931763153,7.502881697297903,8.754542225432655,F,0,0
93.41877660261943,0.989361008872431,8.443172114442104,8.852998338249641,F,0,1
45.1904440482467,0.3584565107932499,0.36253736994806385,0.5798754731221775,F,1,0
80.98066155266528,0.2959801559688139,7.327752280470403,8.347611540389138,F,0,0
77.45816334005004,0.6865248046720225,1.0858213787161164,1.8478280829809641,M,0,1
23.954861376237925,0.5843542154529074,7.1982856495515435,7.733894745785943,F,0,1
81.56535075608568,0.11237786633946223,0.11907979868819085,0.8841686821759115,F,0,0
95.64375043248812,0.03940380706588442,0.24996994439372755,1.1082660219792038,M,0,0
25.783147756098867,0.7036391898716096,8.348603315001405,8.801044069004973,M,0,1
92.58631102765537,0.5759792714817761,6.800812854969887,7.548443483443453,F,0,1
52.91659444133832,0.7077176576908927,8.042235855999873,8.214519613943406,F,0,0
21.210051202773528,0.6763539533792825,1.766515885462232,4.089603722423545,M,0,0
49.69852559093004,0.9026420529393827,3.49440675257053,4.6907537336086556,F,0,1
81.77680136389229,0.9588146448911266,1.4550786182727138,1.555179863928247,M,0,0
21.45570775670108,0.5874398677082624,0.5580389110882633,1.0063065867818612,F,0,0
52.060990980710514,0.7160813877031476,9.135235080853514,9.433527422184415,F,1,1
47.571971475150995,0.9661929798185936,4.795815254034304,4.946468974917633,F,0,1
45.276057183292345,0.9476638646736899,9.175333197614917,9.265667826156873,M,0,1
57.03986785347598,0.6653434739360277,8.435185000617288,8.84721629236259,F,0,0
24.66536680331701,0.8851332634289892,7.229282322614844,8.301832130200715,M,0,0
93.24606575387811,0.05379682534657415,6.947724342730627,7.613345656597844,F,1,0
25.90647855027879,0.3159229034731579,7.5288448861423305,8.232796132918459,F,0,1
23.432631476042275,0.6927545859089136,4.949373826119119,5.086029608741229,F,0,1
14.362997842067633,0.27521529613784523,7.508455134268016,8.393631045516932,F,0,1
86.79493996519116,0.40005801778309924,3.032997523948019,3.82313732684037,M,0,0
62.56450197417317,0.18869183504735998,0.7203729778147561,2.3672978888842184,M,0,1
72.69398055514696,0.32572175143051174,3.2945204284352703,3.4929475014740183,M,0,0
88.81983165674741,0.8813863446918767,4.047078314181245,4.997736467077221,M,1,1
82.59004944963958,0.7337827407758352,2.1519632847487538,2.1564112217781024,M,0,0
55.598009579251546,0.6980872885189892,9.099749018751188,9.21532120866215,F,0,1
13.194205309538551,0.05430922853086029,6.787808859793857,7.782163404745719,M,0,0
59.876868440122855,0.7260562367032151,5.443929199670555,5.545077327636226,M,0,0
22.123366689510462,0.8451885389026222,9.619091903639088,11.01379598123361,F,0,1
36.08165538854711,0.21637221446847732,4.147424394148688,5.506710258350607,F,0,0
80.54717764600029,0.42103199822047344,6.0658381011333855,7.331614253186404,F,0,1
46.76828985255779,0.4670091532698597,1.9978799223448795,2.074927473883781,F,0,1
19.062232754877684,0.0010443929403927132,2.978541179348034,3.2567401494615353,F,0,1
64.24658193414146,0.7081224621115627,1.9388346320972116,2.883734715138215,F,0,1
58.69528609012195,0.2009302945669187,3.623845224361757,4.040507404189673,F,1,1
48.14615413010928,0.5952352893862314,1.0430546713542543,1.2051823135203708,F,0,0
56.53655235538581,0.19942453516190473,0.2783689811345291,0.9068860438038197,M,1,0
73.59016271805417,0.24535531189673032,5.308386044810685,5.741117257912492,F,0,0
33.69665429181486,0.4709978069961125,8.700233147900496,9.338433859728491,M,0,1
95.94677430702889,0.6307728445443002,0.21379150452239815,1.1169638288582835,F,0,0
48.31516759655022,0.22375433860105554,1.8558582319285566,1.937907131706838,M,0,1
75.27888358211746,0.9567393393084918,2.1510265242032567,2.6014725246735635,M,1,0
13.257565323874127,0.20643941947593936,9.184107159485663,10.03844202250221,M,0,1
23.67433109927159,0.07261716389423745,2.5881597057779384,3.1649664112820988,F,0,1
81.26818040736731,0.23434113593698547,5.558185478645727,5.714163001301305,M,0,0
23.368461582502377,0.3983257732268928,6.485844588836541,7.010835904643269,F,0,0
52.3969860945485,0.8205602485333036,1.8196401024773956,2.4021444309695696,M,0,1
86.55706952983631,0.10074817609663422,1.2631412796730423,1.6053253802188205,M,0,0
74.77829529029134,0.10740598599084017,3.579948633085386,4.733145399644457,M,1,1
54.7979058467652,0.7908966714890909,1.9657233052336598,2.3329724285754727,M,0,0
47.59043036850599,0.0630161667723812,3.04907146216277,3.1902468576364407,F,0,1
73.9262328246582,0.4174363981470799,6.3466387475574955,7.557225523594189,M,0,0
43.810232215192286,0.062203594774465354,7.930647908211064,8.090495923809582,F,0,1
81.9318595911471,0.30157284030218534,5.998343757981852,6.282249060397757,M,0,0
89.37730048099063,0.36306920544352983,8.796532260866407,9.558351582027395,M,0,0
83.26285366345243,0.13041008629037476,1.0652902005716192,1.5832736485918102,M,1,0
52.34979381572458,0.240350670503509,2.2853534940503275,3.2158565263314345,M,0,0
44.477413068139526,0.8955490185163658,8.477110982858328,9.991248498516853,F,0,1
61.93267758165738,0.04669955443096463,4.748381725836127,5.824256281820706,F,0,0
28.405939902885862,0.46506481371677044,6.591367521557445,6.920804508983134,M,0,1
29.707092162190097,0.7616016151202522,7.480413206128574,8.415627334181014,F,0,1
48.5932967199753,0.9323285235007015,6.110900292539371,6.136311981829426,M,1,1
13.495457582353163,0.25642753768747617,7.919563912496836,8.19877547559935,F,0,1
25.212270651315414,0.643652102191556,2.706024129059844,3.062004477754668,F,0,1
75.55905853607118,0.39753217578926925,5.887306293151415,6.510132017070983,F,1,1
75.76289623097634,0.6761855056746072,7.583054368429747,8.905149098125289,M,1,1
47.33741451711183,0.5294406309252739,4.793215026654163,4.966456375616878,F,0,1
22.855705537664733,0.4316051289323185,9.54126327114514,9.616026818597401,F,0,1
96.46577129200672,0.04695049413789487,6.902622439735544,7.660487669108465,M,0,1
67.26235355691668,0.9355071937061561,7.769518026508814,8.601440142786148,F,0,1
94.6947577473438,0.007234513815729704,9.667964546522409,10.164576535472092,M,0,0
44.756215113444284,0.021215560358641805,6.517956937173181,7.78367354572036,M,0,0
47.2685556690216,0.7272609276449664,1.9893393140564886,2.610840293040041,M,0,0
26.44232603317216,0.5180150635855475,0.2969433518148423,0.8770132200936179,M,0,0
68.2158995390551,0.47211999622035483,0.6216725006348178,1.6323255767543032,F,0,1
85.59471321599547,0.3682454735457029,8.1389059647735,9.357533746511205,F,0,1
45.341225773575964,0.31593463523980947,0.2223807961541613,0.26657375545353457,M,0,1
92.96926558333413,0.2136092898917329,6.814007537371744,7.4006794489152785,M,0,1
63.52727504281644,0.5992368301729107,2.0902841086313018,3.562585649017145,F,0,0
61.219227716361985,0.8063231800049966,1.2868255950005059,2.1809164369598975,M,0,0
24.72059716940106,0.5752220892937221,3.4934329272737985,4.013682505044992,M,0,0
23.702997377289854,0.4373485455207633,7.61990226948069,7.7703594353515015,F,0,1
60.3232550277945,0.14253231621236584,3.8188876711042563,4.607121103939301,M,0,1
80.34084594690486,0.20467322083798412,3.469233553224135,3.7898235393340465,F,0,0
72.13273806595538,0.18735539004579094,9.323492413437824,9.46809627587,M,0,0
51.986662756090816,0.7541675340207408,0.46871426766268653,0.9810407932386787,F,0,1
89.29174676117451,0.620259346624839,9.220687198845262,9.827479353595633,M,0,1
79.02766595319949,0.5030323998647132,7.992600957933491,8.067776595783446,M,1,1
61.946031390032175,0.26180952734470164,3.4855298216090835,3.9120874014117355,F,0,1
12.288528979825095,0.8179301000872197,3.5288665106085917,3.7510715402144648,F,0,1
16.78807020127448,0.827896567950534,6.94732013601123,7.20347268696587,M,0,1
89.15128863374015,0.157847884723891,0.014924046179976003,0.17448780901385186,F,1,0
34.18131798947127,0.9984010384202892,6.228529102573436,7.533458061710548,F,0,1
27.0417812769415,0.49817571620488743,6.162471835754464,6.273941694832148,M,0,0
70.82497930594184,0.3235280587961651,4.343619147074468,5.560364384713746,F,0,1
52.90165429043224,0.35575920397288885,4.512451941824754,4.902703339157989,M,0,1
54.62816312756669,0.5850734355914977,0.2014430459003591,0.38726487518481517,M,0,1
95.44850763284501,0.3860402853743973,0.48766236537474916,1.5280927998076719,F,0,0
12.088792060030812,0.16640188277121415,4.516379906981981,5.3735336083714875,F,0,1
71.62794565768809,0.8630894732369631,5.9515482574355065,6.428325551996929,F,0,1
76.42308750029362,0.6047599932718658,4.228714747741482,4.913877450486089,M,1,0
65.08627173472782,0.6736644655449414,1.505609977509036,2.1551631440903414,M,0,1
10.193394547993302,0.9461218199758137,4.269308404522953,4.297044621297178,F,0,1
23.143050634474434,0.8123973562531764,4.508473664746706,5.454748771004603,F,0,1
84.40178442479059,0.6495034869554206,4.722577441199302,5.112367802898156,F,0,0
59.731982576100044,0.5973356168748936,8.46095956536195,8.528837981993599,F,0,1
44.241116406241545,0.07946577654182196,6.761223594105195,7.101373213580726,F,0,1
12.217632197274757,0.06496190999567586,3.123239125650501,4.225747946882109,M,1,1
13.810097714432796,0.8945355687148444,3.7039876337693736,4.925303932770445,M,0,1
59.38453397178366,0.1275127796909873,2.6341574026037353,3.0156468376324197,M,0,0
80.03521776160179,0.16603992698570236,8.75510377581576,9.667073069376894,M,0,0
63.31815019119103,0.5151582186789393,2.679053913294501,3.0102093591114865,M,0,1
70.74927223517878,0.7955595704270912,3.979415398953133,4.1688352696245055,M,0,1
79.32982191142364,0.628528832059723,8.66347509938969,8.966692681306517,M,0,0
69.89742779869493,0.6406707039815684,0.9622657170388604,1.0865528413298797,F,0,0
73.81868725183028,0.5518632894529822,1.7174854426460617,2.4095616064270255,M,0,1
87.09870510973708,0.25140548895365267,7.454018527154677,8.002483865494261,F,0,1
72.86781555538536,0.4967676126354963,5.061837243892039,5.1210562252499585,M,1,1
15.483298498974507,0.7890754342675218,5.406794771899717,6.488391075562086,M,0,0
64.4371735631339,0.9339133048599527,6.2466130146426195,7.663684496494431,M,0,1
84.97292190378006,0.7899094024716558,2.6485607928412147,3.2390475816259983,M,0,0
69.6008189454336,0.7258799314305368,3.633031335320708,4.530877106582276,F,0,1
49.67620257875812,0.8874324417725431,7.635454940970956,7.647476647010339,F,0,1
27.515082236703055,0.957214134476604,0.22106106354018218,1.1510436978655032,M,0,1
97.61030039935224,0.3746778850767474,7.030088066624451,7.866895049218391,M,0,0
48.045617547086195,0.3440613668390723,3.7389400328169686,4.141220642008312,M,0,1
16.587754914896564,0.7324196747142,0.5595819458529094,1.1156639057212259,F,0,1
11.059476786104192,0.8438442996473992,0.36073112334107704,0.9262895077016299,F,0,1
35.103821565537444,0.5590979897291032,0.15240304563403528,1.5036996908165194,F,0,0
45.97060621050858,0.7252467643273219,6.318394638948709,7.016594592172667,F,0,1
55.9140933272527,0.09506453371410006,5.2338520166308635,5.28826060011766,M,0,0
55.47784659015313,0.023686576247265667,7.14494859663442,8.647931040130565,F,0,1
68.3874041004798,0.3194496802942024,3.216490863707465,4.2537722050791755,F,0,0
90.75925209691478,0.9032987618292053,5.739919980851056,6.000667484527571,F,1,0
53.50029530325357,0.503800192102929,5.2366815530889514,5.67544436273277,M,0,0
66.47567050889664,0.15895815412066494,7.012373373371142,8.190807315577235,M,0,0
91.35305411413663,0.29645403030848216,4.453720119523862,4.650321050726888,M,0,0
86.64685181709018,0.1727990251542212,5.099578570546522,5.148523998001734,F,0,0
34.30103123973625,0.6864998780971407,6.462384294610933,7.015380803453228,F,0,1
65.26825028620348,0.8807163316787947,5.785360367527494,7.276996604127673,F,0,1
53.20820534395159,0.6811179661467744,6.6907465062047375,7.699361801859038,F,0,1
80.53050232782293,0.9282072710656402,7.17484331940807,8.168837954497388,M,0,0
15.974021514527578,0.08762757031948898,9.083302157489422,9.847321036592344,M,0,1
18.468143838379525,0.5782236703106717,3.1673501154076247,4.540858186952974,M,0,1
19.459712838401824,0.9688207974692881,8.608094588635394,10.233095349913807,F,0,1
77.12115179061723,0.34839793912755335,2.131629134336178,3.1942536459699924,F,1,0
70.27116528616118,0.6627503121486309,9.19898737266519,10.228580551729591,F,0,1
21.18144457113922,0.13049682520922867,4.19651921350193,5.1997678370818345,M,0,0
98.0352399247231,0.042054092221503026,8.701899689728464,9.157674333196944,F,1,0
84.14015948538331,0.5153345807809695,6.44042104390774,6.891606285031111,M,0,0
35.87417488708876,0.7820247696268345,9.444616580487219,10.15097507772087,F,0,0
52.17631364198684,0.9112099216056886,0.3609773195834942,0.59521372842766,F,0,1
72.16272163538059,0.6248432184515277,2.0214972965662,2.3201532056521215,F,0,0
64.9901123326181,0.7213068336933585,5.302511519964419,5.7059037529897765,M,1,1
85.97887655266656,0.031230362041066995,1.8853109846258587,2.8346158668797248,F,0,0
13.412445974492577,0.3450330583854989,2.4698439309019395,3.388465448462997,F,0,0
84.23559906725825,0.23020947877760667,0.9867747456471387,1.3059405089136626,M,0,0
57.3662391493311,0.516327928357361,2.7983708309131607,2.8622357310241044,M,0,0
94.59525430627933,0.09833096886081971,0.3516327932049046,0.6288699641500194,F,1,1
51.56101329028128,0.14572268907872565,2.020673866676612,2.864715077507092,M,0,1
14.578558130724552,0.7453231648247045,0.8321463036776622,1.3499932310006484,F,0,1
66.518149932034,0.618336881417119,6.469211344000083,7.558680702349703,F,0,1
39.821601529958954,0.7358341555546615,5.966863336716917,6.341721250476375,F,0,1
17.146492234717318,0.21637804514674008,6.094178842533061,7.522884240551403,M,0,1
67.56512547127949,0.8241500196369586,5.27666885883801,5.285877225641225,F,1,1
33.28965294593536,0.4368282903134625,3.5097804183053594,4.546283541896211,F,0,0
14.224512794890424,0.890002099918257,9.97891442578328,10.48006042761062,M,0,0
99.5219603831947,0.6912359895322651,4.278804724069978,4.626814447867326,F,0,0
88.5756571048456,0.014566370682913665,7.340833413272976,8.115503278721238,F,0,0
70.54705667542666,0.5372648184420876,7.385761274738815,7.477279308428219,M,1,1
34.301190462519294,0.9114464607335752,8.75114566064954,9.340069460069238,F,1,1
44.320214259388635,0.09924413632987639,5.0344166338674325,5.111399861396227,M,0,0
27.79723444069857,0.9594727471323109,3.3966350827391203,3.8324312454061684,F,0,0
13.906355764338928,0.5275324184279088,3.004852361698492,4.764677786627544,M,0,1
30.30650903765705,0.7308262176760242,2.5908887248256063,3.150193735812677,M,0,1
55.22006077987121,0.401523978481928,1.4344281475157894,1.5191349980244517,M,1,1
31.425200844776402,0.57013328973414,2.7840393056574317,3.548110659805389,M,0,0
93.34142099491156,0.12228677865621418,3.8607861290486434,4.312131093574631,M,0,1
30.71529611488332,0.05773888004675143,7.8358307013751505,8.763216647512547,F,0,1
23.782177960766475,0.5702184357071216,8.579113146043362,8.943778403320204,F,0,0
67.04711176670193,0.6272511387163255,0.05755371646171459,1.8822786470509585,M,0,0
43.63060806552928,0.872856838767982,7.323966645945632,8.401281567176659,M,0,0
27.511634651174443,0.5658282346659639,8.906799465146301,8.98982961112424,F,1,1
74.3020810681796,0.5726308773887904,6.648068700498952,7.594654082734198,F,0,1
98.96553496776815,0.5984723470265824,9.827190265263333,10.944831063391838,F,1,1
89.9717554163235,0.8225621913574784,9.091291674374638,9.813579494496475,M,0,0
77.84192460863657,0.4504953342015988,2.8338600999367247,3.329663449197027,M,0,1
35.09033029002887,0.9793626028060289,2.622617581476211,3.582416085317538,F,0,0
96.05147700197578,0.1929857962794137,4.807562802132008,4.93437721796528,M,0,0
83.06375861942496,0.9531245196192849,6.723949775282463,8.082126541572578,M,1,1
57.45507113421333,0.009716520078297597,4.982714683336975,6.2874684875661355,F,0,0
28.103258789666487,0.6170562319290108,3.6187154971510993,4.211345514848237,M,0,1
10.425740883648707,0.11652212895188097,5.237647938583451,6.2997844296472705,M,0,0
46.14635355768292,0.1872782230808422,8.268100597074941,8.37067748388799,F,0,1
18.336663822172145,0.29555558977712515,2.6936398035848175,2.702165109307088,F,1,1
92.0861052146911,0.09765976075093608,1.51306997255095,2.4938101994033373,M,1,0
59.84090234973802,0.9286376568150245,8.046538031114963,9.16942111017765,F,0,0
58.80967277986859,0.4521362187051522,1.0634660384092542,2.64068591213083,F,1,0
63.85747819692673,0.559503461959701,8.191856546785171,9.057067377093642,F,0,1
54.4319633925882,0.5957519496866143,4.625454718357319,4.8053397975096885,F,0,0
20.454771668666957,0.8787033782085041,1.4430920763436739,1.6874200609026142,M,1,0
22.92359130202747,0.21295123118196246,3.250486822671056,4.014650514041837,F,0,0
83.70078696079878,0.4429520291158666,8.9320487562542,9.187724856413071,M,0,0
96.13392710903048,0.5253537509365812,5.580327332765007,6.240922451650758,F,0,1
97.32081446609254,0.7370416672446366,0.1429733287700896,1.0971373442524088,F,0,0
57.235037897346096,0.9089680458823127,6.909328293061359,7.247416275890124,M,0,0
66.54583564708578,0.3698744389269145,5.540632880391984,6.045703426107525,F,0,1
68.84885073889674,0.6922374242575018,2.7165621064393997,3.2002665708546285,M,0,0
67.89730645493192,0.5815590754266511,5.701431102284177,6.172831173019886,F,0,0
24.2699499773228,0.13989860820587996,1.7674000518987831,2.3898192079781797,M,0,1
91.73913337639068,0.2107250158334798,4.316776681557003,4.971030477151748,M,0,0
95.82597562715601,0.06717676191361543,2.102905420214649,2.553909346416357,F,0,0
77.27288179861296,0.8163470243245295,1.5848802210015744,1.6133905502208765,M,1,1
87.7280458968113,0.6985329426985823,6.803669710968816,7.0557267891027555,M,0,0
42.421726563415,0.47170796861913267,1.1943295787183428,1.764062539062192,M,0,0
75.07612562071127,0.6329326042982659,7.101327881131931,7.547557009661394,M,0,1
49.33395060698118,0.8564881141163144,4.9008888643597945,5.383630983396697,M,0,1
22.1525562996503,0.14656115749599774,2.7220158379882387,2.9531771896050096,F,1,1
64.16746187489093,0.7228226564260625,1.837241180520932,2.8711083982833365,F,0,0
16.607375179959597,0.48263508445376346,7.732384801281143,8.29795036491926,M,0,1
84.1543473142066,0.5261652630442151,2.5865652604182596,3.2821069878359954,F,0,1
54.30059433474633,0.5290266568392962,5.256776221332457,5.531288201950341,M,0,0
69.5914797025188,0.8550554660971355,8.640135431625142,9.420051011331294,M,0,1
13.14339576377192,0.13202223225104504,2.2198609723467246,2.3035024616349022,M,0,1
83.35121892975633,0.6591528905591446,5.872455668314744,6.1140445778929156,M,0,1
59.85732821636685,0.5380203544756513,9.378139743198709,9.699621074539658,F,0,1
52.19511578424674,0.3676005487605766,6.04847068073412,6.421871572916568,F,1,0
10.423282084330888,0.10420170122918271,4.962284382825257,5.178555910583418,F,0,1
32.16948069338773,0.2586830271292335,7.547202961388485,9.082849917661488,F,0,1
37.89157661393044,0.9703373257095058,7.741875754582857,9.009359414247736,F,0,1
40.96678659758685,0.780619993042782,7.142745390754928,7.48711422233232,F,0,1
97.56455656684805,0.27527759016052,0.884271596218682,1.4336360553679335,F,0,0
11.650328222337796,0.6086381344201556,8.275907213770132,8.700092104188515,M,0,1
84.75196020640215,0.3066126346808895,2.726557858937161,3.0610076451208132,F,1,1
21.178463272293136,0.8176358240213044,1.668186097559713,2.492962492242267,M,1,1
39.266998686710664,0.7485973313835429,7.70717769911955,7.856818588726396,M,0,1
55.86188154096126,0.9338654320466759,3.0517756620239043,4.3228662492844485,M,0,1
57.320676134320315,0.13583074389033534,9.368805765972642,11.284688961089124,F,0,1
50.1118443260353,0.5222340412391325,1.4090463796510255,1.5009751610782356,M,0,1
96.36955648961279,0.7918733671013936,8.31754834112073,9.726534760286327,F,0,1
75.85765977754336,0.6041580708933972,2.4943755745084353,2.8324227198502756,M,0,1
53.98343783893942,0.8747420799282268,3.614581999157589,3.6930126628055806,M,0,0
21.173421582638344,0.9828859718099415,3.1208503745583838,3.3842360230341537,M,0,1
45.485984144241925,0.6063259474757083,7.929855879288715,8.488792747525657,F,0,1
36.635234347252805,0.3389317801213513,4.2088525978127365,4.228334506367739,F,0,0
51.3706526927481,0.539086230961479,5.2677703376352225,5.5052235889078425,M,0,0
29.153698961539504,0.7944522320182187,8.960281669102034,9.511785157211794,F,0,0
60.08349652065318,0.14204672621989378,7.555302887083595,8.74343248495483,F,0,1
97.67278049761845,0.45756909204028984,7.5011552901413205,7.692666152576912,M,0,0
10.492660444071587,0.4756239134900295,8.441012314304214,9.426241036090033,M,0,1
44.24290923300352,0.26935965938224804,8.614764982302288,9.453366339624777,F,0,1
28.84647718423292,0.6561849058174568,9.240652235278855,10.336878857346889,F,0,1
60.2793283489204,0.22112895367919172,8.315111356398745,8.847049505694153,M,0,1
74.87930939132934,0.9365845187365115,0.7672647385837039,1.0603244751165732,F,0,0
59.12356483110037,0.38036259222198177,8.834921385618648,9.31319938687222,M,0,0
16.90516427226001,0.39264575876925323,0.21111666823573239,0.5958136538325718,M,0,1
32.1426553741894,0.6108149480642575,4.644363568845714,4.98942456277057,F,0,1
55.35929588154968,0.613582724598411,8.228873567457596,8.96571723711071,F,0,0
68.17633811034688,0.9272482262080208,4.530033755407214,4.95305584744789,F,0,1
26.856365046659487,0.41250861188771293,9.250509229854071,10.170468783642443,M,0,1
72.30166453727105,0.027698172762175788,2.2375693276521824,2.4397481074143244,M,0,0
44.503913432457956,0.3632769164122639,9.413213149385811,9.757122005317488,F,0,1
56.5202862098458,0.4048083878166282,5.723927725442835,6.460920770079898,M,0,0
45.73557476283503,0.2246032820190963,2.7238743560638525,2.99712610239599,M,0,1
80.8574600288015,0.3525562196709817,8.30723587156879,8.72727935988648,M,0,0
66.13544359277353,0.7548435177553233,5.944152063181855,7.075202168630767,F,0,0
39.260193268083356,0.8932494395276319,9.28343333812737,9.320723722832394,M,1,1
41.33529720427273,0.26268919357197407,3.982537520785663,4.595534943399815,M,0,0
72.83936670001059,0.33264615498124606,0.2538719178041149,0.3517639822215305,F,0,0
83.75034962426848,0.7923445568952996,0.7642846183176866,1.8806707040395965,M,0,0
58.559884429092016,0.23358253043982813,9.788567761262922,10.904110750347405,M,0,0
79.51313546196084,0.2106892063400082,3.230915489880891,3.537480937107096,F,0,1
77.55238027653188,0.9530457826688562,5.660878787409241,6.225929444188259,M,0,1
53.584655618161165,0.7720199507303251,0.25616915269416785,1.3564666458659411,F,0,1
54.58612518988788,0.8991694878353114,8.822005744241967,9.019413026171645,F,0,1
63.161681375308255,0.289259130866211,7.114186366325091,7.811045055853026,M,0,0
40.65315919856991,0.9854811672480677,4.756487053392345,4.927010927101557,M,0,1
13.736104389347542,0.8946222308867298,4.959974800587884,6.075553627796465,F,0,1
19.84222377668457,0.7850569470838696,8.930921515033663,8.97008281731677,F,1,1
54.1468149774331,0.7445821662957841,9.907556353343379,10.775166603655766,M,0,1
22.69247277220292,0.3676274373501893,8.127916849585763,8.165060681802533,M,0,1
11.629749726839162,0.4000181855084973,0.36620226777742015,1.3163114173734314,F,0,0
50.69777982256339,0.2447428911073669,9.448229063662373,9.641757976454217,F,0,1
44.0231381887386,0.6327668193107177,5.23157720627078,5.675693356231712,F,0,1
50.84034097474191,0.5422142068531439,6.214919335365964,7.292149906885093,F,0,1
17.430298371435892,0.29618543412364906,2.572660171594423,2.699924490405455,F,0,0
36.78119440404288,0.7701914558126267,2.3861442797252517,2.515365496607129,F,1,0
79.16455554109228,0.15769249204967584,2.603346733751514,2.8585596801629607,F,1,0
73.53699628844382,0.59128843655176,0.5021017371431824,0.781707595537928,M,0,0
15.271366635169894,0.947337123226021,6.300674584156829,7.183652681058315,F,0,1
69.45539389682193,0.03665527161218818,0.7671707883388224,1.0301720117048085,M,0,0
19.224497174266972,0.022396822335655986,0.15275161878628207,0.7205104025487387,F,0,0
47.10469193207757,0.7207228912747919,8.835416736128499,9.56975987357586,M,0,1
32.018120838310516,0.46139368163361405,9.911291320761057,10.851826699369775,F,0,1
91.01904530633192,0.3619199644553305,3.8396058026941846,4.45476220838535,F,0,0
90.3497143683087,0.5957915524079468,2.136858144577163,2.2933575559254646,M,1,0
16.62343030203059,0.6675171277811415,6.0079425801729025,6.156313702656449,F,1,1
49.85283257199787,0.003465113023604083,0.7870417693018561,1.5460481095012655,M,1,0
88.5295493098559,0.4082129309805955,8.276407125338453,8.727036706621364,M,0,0
11.280999618878784,0.3405658207290695,6.755943721390967,7.207543429090901,F,1,1
71.00304529040032,0.1700031720121894,1.2242369869183922,1.838732249979684,M,0,0
78.13511088988798,0.660466600102939,8.729518468767157,10.237970628739983,F,1,1
18.08881265411318,0.7530353105196561,5.0057604652650545,5.5301000628690264,M,1,0
97.06719261296122,0.0817792380557747,9.08245446044195,9.498090678271751,F,1,0
27.154204615949002,0.7334330982516435,2.4348097547979264,3.617970651169889,F,1,1
77.13469795040778,0.3825517198619872,0.8566812478985208,1.1594313828251492,M,0,0
61.11983970530785,0.2527271901859076,5.157604126294394,5.1974949286074335,F,0,1
57.21265082432616,0.5454043672470464,0.7536163640710158,0.8606958406612835,M,0,0
92.34559990423458,0.9386810127132902,4.6997326659000365,4.856044648150168,M,0,1
67.7506401404734,0.7054313259878704,8.862664618080506,9.51619367798486,F,0,0
22.535027542027102,0.39860115814020414,9.262925055902747,9.782905094459537,F,1,1
33.11329548774114,0.6621267359547499,6.820748548445515,7.515370795716227,M,1,1
23.19685877986708,0.39709797036543837,5.053762762966485,5.5463053064090495,F,0,1
57.86079304645113,0.9062043799726589,1.7430057576367242,2.172520639688047,F,0,0
37.1841587536842,0.08704417720979019,8.03993541554487,8.762897933478415,F,0,1
32.11145749169495,0.12899016670814445,3.030076731069915,4.21263670478369,M,0,0
64.34356197449972,0.4715241064332335,7.78395195714383,8.059138458518468,F,1,0
19.111025774964748,0.42784808114984396,8.556649316267798,8.610655993325103,F,0,1
89.61319077796745,0.8012033451976015,4.8381310842038925,5.2320079308087175,F,0,1
45.39984471984032,0.25836028198961025,7.441134186424066,7.6686485264486155,M,0,1
86.95344278454365,0.3957596136527274,2.108400330486254,3.070640183813763,F,0,0
10.93466683711375,0.2708582087020419,2.584758530171695,4.544061459815426,M,0,0
48.99420919015024,0.7318216685237484,3.8303325972516955,4.490310354045434,F,0,1
84.86637640787134,0.25290340910424025,9.15189555963865,9.156436728213272,M,0,1
73.5324043721456,0.8442364327813705,8.70904887166393,9.724617031566341,M,1,1
45.99442201336381,0.008527305255183748,9.32726622032687,10.141385603562826,M,0,1
55.3032214060678,0.9759125308200476,8.875732457455324,8.974303187280306,M,0,1
74.29766295286436,0.8236851240199881,9.658768274401725,10.446084568266153,F,0,1
50.1223431612011,0.4123878399432369,6.949015395127093,7.27347801617419,F,0,0
83.03107918039986,0.6606047624128742,0.08770462601930484,0.7438444368008359,M,0,1
31.232166495709716,0.6711560734948782,6.052662125348438,6.943406776216976,F,0,1
21.248363916955846,0.15139669446772042,4.984017569822501,5.893318026425538,F,0,0
98.72231732216622,0.8235062285622566,3.16743931534214,3.40440962279976,M,1,1
48.330973650647394,0.162919948615747,8.963477259001596,10.27273061178578,F,0,0
21.45837234229501,0.5034142998431766,7.509720286294815,8.63026713263638,F,1,0
64.3299696872016,0.14745944173957592,4.434150629690901,5.0982402668643605,M,0,0
94.74925284164676,0.46912041550405936,8.3749293710519,9.798423367463462,F,0,0
88.02452189982706,0.9962352378557523,6.498964728000231,6.763481564964791,F,0,0
97.04115780321173,0.7520791116153587,9.60944429526919,9.803346653217705,F,0,1
51.728798932341064,0.6398973141790788,0.360150177526517,0.4544107037770742,M,0,1
65.69462894736881,0.4549805909523702,3.322428618430604,3.851954451830823,M,0,0
37.103263382478374,0.5158224772580127,6.614679620632231,6.7268750429382935,F,0,0
94.57942651186836,0.01584408833001505,0.8626917470478435,1.676421332118936,M,0,0
47.56857076671306,0.9555238110245162,4.0517374648527476,4.473984487107332,M,0,1
98.83534028066765,0.9490439398020184,1.2709575343046808,2.515973986815786,M,0,0
60.72077759362724,0.9886031402543559,5.713413158140019,5.909940110930686,M,1,0
67.64232540691876,0.051282462250720084,1.7143144908274277,2.5977592353436165,M,1,0
33.45347201040123,0.6659162443982178,3.016699629942352,3.9808424405783125,M,1,0
61.65354292332075,0.5750157806927476,2.8891027045681286,3.812916771627151,F,0,0
45.4410482268992,0.9641280304318974,4.5549188431290135,4.794018888227212,F,0,1
54.47390348607604,0.8112257441498631,4.26438456220163,4.799104064865222,F,0,0
25.248379521667474,0.24782973135075814,7.417548979667644,8.245027080367137,M,0,1
27.108832366957806,0.7189563789371239,7.322885608737546,7.540290535806585,M,1,1
73.29753143210417,0.23617934198782742,6.787969049618658,7.45479507357493,F,0,1
28.24496598801999,0.8176403286473553,1.9659071799607586,2.9371830294024743,F,0,0
32.68551703793868,0.5979348906948713,0.4503526828969395,1.1866663498871772,M,0,1
11.31569643473901,0.214637404957975,7.804899878888155,7.927148693270567,F,0,1
96.15671220534244,0.37340744029210504,5.313730460952346,5.8085517283062575,F,0,0
49.52787101116382,0.47119575300047445,0.43469217929855475,1.2266209045517606,F,0,1
59.785897824131844,0.7201064004941744,4.9786916789540765,5.745610964293711,M,0,1
12.841002101761042,0.8288927969286837,1.3663784732624318,2.726286673249655,M,0,1
58.46272007625124,0.963120066994678,3.347476968045242,3.6056005910655697,M,0,0
62.21346144895182,0.45056032106935096,3.126899230547442,3.632558361938176,F,0,1
85.84221100833842,0.4509556346407002,4.8449493878957925,5.5425575576990065,M,1,0
83.34122133420472,0.9324459165211655,6.682853081319948,7.06056521444662,F,0,0
91.56648622113136,0.3375820529305138,6.6853360262525,6.734233067230758,M,0,1
18.13416121837683,0.6763555306098876,7.597819732312784,8.21084306662126,F,0,1
51.498790743063886,0.3621261339426973,6.729585908392379,7.115845916079541,M,0,1
65.49252074358998,0.03469779361400871,2.78043058368402,3.3384342953350443,F,0,0
56.086812675548245,0.4916985242113229,2.095955352404096,3.36342556089235,F,0,1
71.41635416571759,0.17412661830957932,9.15933010688536,9.656993914975631,M,0,0
19.37856028383868,0.6110970120081688,9.152085603752456,9.637142304121161,F,0,1
91.26628686849358,0.3923345489233422,0.5261083384252896,1.18707227867014,M,1,0
50.91376600291725,0.10884789109237636,2.7756108826947656,3.657659010736252,M,1,0
78.11333156081972,0.43002811927815765,9.551388063569416,10.122704583496056,M,0,1
60.35805907705092,0.6813350951339456,9.393799734106457,10.203231452652807,M,0,0
47.47231745898309,0.5560754921652934,5.424430692587256,5.93985291355041,F,0,1
57.60961413168705,0.572776360773298,1.6782991481124165,1.6872672158905613,F,0,1
74.84111951021258,0.15977820990098224,5.2346211138327625,6.040125826311097,F,1,0
99.25636608660677,0.2071184483281565,0.8053461159689412,1.7447516925634714,F,0,0
19.4486190376084,0.30850978554253217,2.59491741457797,3.303764340749565,F,1,1
89.10890649040842,0.9535292678999904,4.257147284418561,5.052235916271981,M,0,0
98.37036687127615,0.7011352353773095,2.044179920656183,2.41878363707636,F,0,1
43.287395941531,0.09366458744551887,8.722104503969275,9.314092656275507,F,0,1
34.14812634457571,0.5010255501153699,7.830858946912887,8.555370277348839,M,0,1
39.677148795547566,0.8892720086499968,8.700520366817386,9.219685079271013,M,0,1
36.16797531784136,0.6396057128820776,8.216305862284486,8.881927293775354,F,0,0
20.355438294511327,0.8620795055660408,9.114425837343207,9.485619262653778,F,0,0
37.46799496707669,0.018668055365843483,6.592952137059105,7.37031775792295,F,0,0
73.81375449172108,0.7705473745859512,0.6996456934646711,0.907373462577342,M,0,0
84.4502565422012,0.716269147634653,9.970725388224631,10.537214797275418,M,1,0
79.36365791039255,0.6752684615305398,2.0340488425615066,2.9208035726996515,M,0,0
12.249959975678335,0.6495583784651359,3.353907581561024,3.895551728128121,F,0,1
11.960039547224076,0.729961799007182,6.280349859190066,6.496910231868873,F,0,1
31.87798809158192,0.949340486489019,3.091369601550098,3.6279655252289,M,0,1
86.17805855334174,0.6324171254734766,6.3186413766409775,6.751822548734542,F,0,0
84.07637013583076,0.23254311110272674,0.3439956627170615,0.9635220622847297,M,1,0
24.74659120620925,0.1460820352597284,4.185571816829951,5.330899974411736,F,0,0
58.25294647540162,0.8151442241170418,1.6313823536937189,1.9166978124565146,M,0,0
29.8605179691318,0.27920693907429606,1.233739340931761,1.7880752956233348,F,0,1
86.1207067823438,0.22110079221431744,5.222842548730943,5.226914988787203,M,0,0
84.13693515933626,0.5948899615817063,6.322880981316663,6.400846530383821,M,0,1
73.12758876291369,0.7786353139456614,8.284979027524459,8.80438568524233,F,0,0
48.13497228964524,0.7182396293860156,8.511019082006788,8.619531644712959,F,0,1
28.641722964924206,0.06075095133484476,8.406662221612656,10.102190117632954,M,1,1
49.55341183013044,0.0017504870754504465,2.4483081095173596,3.267357007855132,F,0,0
30.210982147085517,0.4039311752900191,6.292325894002952,7.147209892291943,M,0,1
58.53715014735707,0.18063075578740417,4.725109661597968,5.217141951296533,M,0,0
43.2067229543531,0.17826498874597085,6.7380346675109575,7.876832341512685,M,0,0
97.51801859131919,0.423639883776327,1.7730893927488678,1.986459267737784,M,0,0
29.156945115849876,0.4816119793302033,3.3531066505652793,5.1250680815288305,M,1,1
56.14653910398124,0.092992906958555,2.069370765032387,2.7516734618837404,M,0,1
48.028972171632034,0.5549819159061223,2.615646537772196,3.2787730324697453,M,0,0
23.32918784877183,0.5697362362826878,0.7941296433399414,1.069176691788588,M,0,1
42.51058879254492,0.7191545702347679,0.640223709908867,1.6341896053548708,F,0,1
52.73250669393643,0.6443222678758999,5.839328321944689,5.99036219505878,M,0,1
31.683669611631647,0.9498489670514807,6.502091896354521,7.052373091941122,F,0,1
76.72656008229507,0.8992942562143664,4.229343050441897,4.5705721139134825,M,0,1
42.51572746887853,0.8792324251049767,1.6644848923472877,1.8746593606465274,F,0,1
85.27041079719527,0.979901738788936,2.5019708579319477,3.3874024411477315,M,0,1
39.588293046288136,0.8647022934421449,6.879468081151028,7.063895363331886,M,0,1
35.265553193156805,0.4227820114823475,4.302194133902338,4.5156370517656885,F,0,0
72.4397708443424,0.9216308200912626,7.377863812173896,7.673486881621698,F,0,1
73.70018960114064,0.888974773522635,7.012937803240269,7.459863218354496,M,0,0
82.61997200442289,0.6604857945002554,1.2294274761598,1.6325806869083843,F,0,0
33.11126645082818,0.6489806985986054,0.563400043423864,0.7470133434410585,F,0,1
65.13177813187895,0.837568454400918,1.1423387787112393,1.5338918459377346,F,0,1
46.10218728225748,0.7761735756337539,2.116727955243766,2.3608456622891407,F,0,1
80.77617802704293,0.726995737287721,6.8140713242372195,7.847455575650379,F,1,1
18.021814053292914,0.4099182509653617,7.927768351263532,7.979252695237855,F,1,1
87.60017224168519,0.4892795731877776,7.17357953378936,7.73392568359644,F,0,0
17.0021284417638,0.5407403602851689,7.097488149691735,7.112618321504817,F,0,1
44.08613046788264,0.5638727682835978,0.3871267456172367,0.5694774706094224,F,0,0
42.36825139290766,0.05989768857917532,1.1426415242000099,1.8791106230639434,F,0,0
68.9728910820545,0.6106213626532685,4.85628301348095,5.518731945552102,M,0,1
78.48124942301008,0.7168244283169733,8.660029000872637,9.964609716852278,F,0,0
89.2864002139538,0.7364898133981598,9.81689719908067,10.642349241958735,F,0,1
76.83563662726944,0.03834763326953339,5.095118359200329,5.173293594575718,M,0,0
41.505504034029485,0.20892753576333467,6.9463045287888034,7.635245532099406,F,0,0
43.5146980216868,0.9399903343165765,1.8250402417367773,1.8487813763220504,M,0,1
72.28763194516851,0.9480054030650956,2.863567910527791,3.981650738206086,M,0,0
48.43243018638416,0.7223121317852125,6.523192680695175,6.745632383292915,M,0,1
18.058992790457864,0.21759965028547046,7.909243697369215,9.299436372367577,F,0,1
78.41766405137284,0.28481678876997407,7.464451172671119,7.974974101791654,F,0,1
69.12279337278618,0.6863095475361917,5.677097438947913,6.540995998311442,F,0,0
71.35633546628148,0.9325311732482046,1.0076492526497371,2.491280453684827,F,0,0
48.590554026479325,0.2834537268921675,3.266586907574174,3.6523481063606686,F,0,0
24.68283367486818,0.7346725938290907,0.5929852100808952,1.6023546909333273,M,1,1
26.378938819009473,0.10287982033778609,8.714950721946092,9.823508736600534,M,1,0
99.56237734311863,0.6544911998504626,8.080133188638095,8.655524578946606,M,0,0
79.34486870931511,0.6558878948076405,1.3388011685851942,2.5746680601266068,M,0,0
11.878798589222024,0.4008573642477472,5.7384415907791855,6.268691219725245,M,0,0
78.83666410423456,0.4704818551851836,1.7153815042308784,1.976813962431045,M,0,0
65.84089923948507,0.9621751709534455,3.895777874723816,5.1283589484673975,M,0,0
55.40943259561503,0.8362964174839238,1.7793257928164485,3.182209949950242,M,0,1
90.70548955631035,0.061268702159780086,5.8697121609688905,6.943480919653483,F,0,1
78.10175936662536,0.31900685461632294,9.965442706280728,10.031290036269516,F,0,0
51.64029572934845,0.26131501405293645,5.703083336477262,6.044265981755001,M,0,0
75.17973345942829,0.3628034596619424,3.306700858953926,3.872571449376715,M,0,0
80.41984751689647,0.20550711009971512,7.515430590140672,8.16491595051088,M,0,0
19.217654874807565,0.4959130976829249,2.497142753032949,2.9314772489790233,M,1,0
13.642174229218202,0.6765093814420248,3.5328466294769445,3.6194223349078603,F,0,0
61.05802087892704,0.9484823522076508,5.63441530784711,5.69437014981104,M,0,1
50.42674672574069,0.5466103917490688,0.4899094228353462,1.0107741967186488,M,0,1
29.008562411025196,0.7031008581685784,1.223462071262028,1.865125170407135,F,0,1
49.68613911366363,0.24933330557629874,1.1611762710882723,1.51696189071219,F,0,1
57.32784801536579,0.30504223516706774,0.32461937234428806,0.7473431064739677,F,0,0
29.856345171615494,0.04644659863727252,0.9204878337923794,2.670301161216588,M,0,1
97.01809695798167,0.8104608481888455,5.597179872897956,5.767925052253138,M,0,1
69.21171675571941,0.8511815965180352,2.9615101533845776,3.017445821056324,M,0,0
85.87188520036085,0.42749056278247044,0.612326320349923,1.1433475525220025,M,0,0
18.364805950508888,0.20988929014935886,5.536338982651337,7.198004307002488,M,0,1
78.71490385847518,0.2209482201460271,8.532715215331153,8.983647158143423,M,1,0
19.928395555898128,0.724268332628081,5.790850809470505,7.044768423526635,F,1,1
81.23227558379007,0.5182839119788393,5.898839182064304,6.298256733802533,F,0,1
88.08234655881058,0.6006176068901122,1.2202686269174745,1.4842468836578346,F,1,0
91.12782550247091,0.045505598965372984,8.559713627281656,9.10011780534546,F,0,0
76.67564331423601,0.31447667985447125,9.84270667074276,10.322377206184209,F,0,0
26.08875021049222,0.37152465767712595,4.744453926206269,5.09852445772126,F,0,1
87.67982075711704,0.7167324672166884,6.4952693597449755,7.512240063939707,M,0,1
81.366033549099,0.09930142825053068,2.5784001570757074,3.1829206973848603,M,0,1
21.7053512927777,0.8372574703306036,3.3452139598604083,3.3488493936153776,M,0,0
37.74411741911129,0.6653691986280362,3.994063298475096,4.4606817561844165,M,0,0
72.29784251976066,0.9192081521900364,3.8938372888398955,4.815630886202612,M,0,1
86.75387194527923,0.39694080633706963,4.257428885230877,4.876569176712373,M,0,0
54.50539287447256,0.4644755189441161,1.4651987432177993,1.8184951413700596,F,0,1
91.49855548721763,0.3942248705041024,0.8113749602380238,1.0225108296063818,F,1,0
44.76063364949179,0.37513750204788254,6.70977875676477,7.27634390261037,M,0,0
54.498870209574186,0.1398007388779713,5.532845273085938,5.7166672083421375,F,0,0
42.25148740775117,0.6691466401755366,9.086195996832426,9.181362146196895,F,0,1
83.54198807973924,0.28463179518792514,9.747720640968394,10.273407033931242,F,0,0
24.274457502741406,0.6211722321740188,3.9107961436020746,4.201924611735749,F,0,1
40.733923930575386,0.8924685229096192,0.6728161483803741,2.0656181333455255,M,1,1
80.37138710111675,0.2793174258977651,1.10385748387699,2.001874676229041,M,0,1
84.92225199071407,0.17662432615178247,3.582194408507793,3.892240507267314,M,0,0
72.88730919699537,0.32171974809337345,8.055225785259037,8.37335900185384,M,0,0
57.42425012248202,0.13453160013005827,3.3982507045990165,4.114678268719978,F,0,1
99.41926356856398,0.37614992780724865,8.899038864203035,10.072340302690577,M,0,0
83.45705058664214,0.8646992852753629,4.213177849644083,4.556232718730455,M,0,0
94.30198364781093,0.029161700474201635,3.5600207288947594,4.857192486994013,M,1,0
37.22196460256123,0.23182640397855325,1.5247789445817883,2.363299491889095,M,0,0
96.21161234362803,0.7261724465099394,3.059675480986633,3.65178273762528,F,0,0
40.610486917064506,0.7776671418563393,6.747797800133993,7.726608966204144,F,0,1
14.75059458507344,0.9556981621446836,8.414826877630501,8.533651051161156,M,0,1
97.84837393090842,0.14445339381461686,6.056844553163819,6.0591189776673255,M,0,1
71.19949510199594,0.1668170308978365,2.5751161971213374,3.4437635652511323,F,0,1
77.2386951187268,0.24281964502485864,3.305460029715359,3.9237509341834964,F,0,1
37.38076413145394,0.9627169070346352,0.21954459014752903,1.2443945426214746,F,0,0
44.06053450479804,0.14685580261901487,7.715459171874361,8.902332001523158,F,0,1
40.56773235987751,0.327708654084122,3.7278137740800634,3.8195311677148585,F,0,1
98.43383631908915,0.9873275584882016,5.271516480548833,5.535634175293933,M,0,1
45.015913715500666,0.10356476135963111,2.207803017594708,2.6974558153479298,F,0,0
83.52207091610032,0.4146007592370998,5.381409130378372,6.75708441111669,F,0,1
57.69866749942162,0.8206882667017363,3.855678179093239,5.161756069868309,M,0,1
15.919113674229257,0.6990752563688547,5.357853635649744,5.432118293774321,M,0,0
74.28046062058313,0.9696947822997087,9.017211066256241,9.920601391314989,F,0,1
15.126731339423998,0.8922161076509448,9.76596757273545,9.975252826097856,M,0,1
21.606019055195695,0.7361046912479074,6.463053471019854,6.864405161941799,F,0,0
74.45118748917979,0.7088323652311254,2.951385623045124,3.405107563373035,F,1,1
62.00278034209464,0.7619574616349856,0.9166524287948374,1.481828912924643,M,0,0
76.32937287869674,0.3501511573456991,0.744339242095573,1.419645908710291,F,0,0
33.46872169320956,0.6215014015350752,7.0292193901130595,7.776923769188449,F,0,0
97.29396643529338,0.36757335764311894,8.331355530855266,9.788923831549269,M,0,1
77.80594537244218,0.7512070684662387,7.5556733799964295,8.356919286766402,M,0,1
43.797365884237195,0.3879209048133352,4.600877606604411,5.336248045156307,M,0,0
35.25070974633289,0.3928212506239668,1.8031794133811085,2.9547271723957746,F,0,0
51.82613052360814,0.5372219353014813,1.5825161548535183,2.353764203169736,M,0,0
53.9552475543207,0.08671688117896725,8.627673661688737,8.985245938924946,M,0,0
90.11098866196261,0.08862644535694264,4.496455973573533,5.441225856752508,M,0,0
86.11610339585354,0.19135759070678038,7.526550790627517,8.736916727095302,F,0,1
79.25974027243504,0.4893013647433302,3.0958839506958826,3.5589429497860405,F,0,1
47.731386076473804,0.6406891196706649,3.876137083338987,4.570331681326435,F,0,0
54.38401209528699,0.9190505183678956,6.48278834728751,7.062613028671591,F,0,1
90.89703483416169,0.5653485105940134,8.083071008447304,9.099571951811223,F,0,1
75.7846782806047,0.745875326114622,6.943206269325202,7.441730698461492,M,0,1
88.5782580971542,0.6762984472433297,2.9525374361757253,3.947931859408641,M,0,0
13.353830679058092,0.13053391606099973,0.5711102888337871,0.9922310890005883,M,0,0
58.79043976218259,0.8992617779099407,8.116671726775357,9.141157993174136,M,0,1
19.36435766876501,0.7634634983671547,6.987970626288293,7.904071025697769,F,0,1
59.993371796758694,0.8803979011142047,0.03676338140792601,0.134467670560791,F,0,1
65.95714148891147,0.09537771915071636,2.9079265411806174,3.378053775404976,M,1,0
64.8957259255608,0.9429998990129038,5.179666863358122,5.977372777372986,M,0,0
96.51474725225786,0.07618343942100292,1.1371609719868858,1.7788489122098285,M,0,0
23.777997349361648,0.14103453668199906,1.177458319025988,1.8267607370566075,M,0,1
57.075088968769016,0.36698612605614045,1.6207208227430414,2.209384929788323,M,0,0
14.021281555604844,0.8189413550174225,6.597849406710088,7.117869707508988,M,0,1
12.625758286373852,0.1950782442643827,3.1716952146050237,3.2572972024637905,F,0,0
24.565496249167985,0.4012611319202274,2.371371048465024,3.483090105076224,F,0,0
11.842660656656948,0.28926843198925445,3.9159837616184188,4.009132016240875,F,0,0
39.855533104718006,0.12868244764388204,4.434360494544495,4.600654287298496,M,1,1
21.98315990784673,0.2526537557791778,9.030343507216468,9.321078534613065,M,0,0
94.3754923201359,0.36303369085663173,6.350632121026233,6.425960248100455,M,0,0
60.515502830973375,0.5053717241781919,8.84268207973413,9.600057319956678,M,0,0
39.3836028065255,0.86364981196019,7.737054855793289,9.53854277701725,M,0,1
53.31593771969036,0.3354369216037938,8.822093614222657,9.868534858280555,F,0,1
55.67524174323193,0.5999775827968404,6.388058844370988,6.914254491483016,F,0,0
87.23400873555443,0.4527582253212178,0.43328771532746946,1.2772957607300586,F,0,0
56.40892737098471,0.23376126892272342,5.234127039657196,5.2619536672350335,F,0,1
98.0118472869003,0.5776854281483912,3.312533354708649,4.256058045965268,M,0,0
95.54591888586982,0.4137481265442148,3.769379440110664,4.109343263325079,M,0,0
64.16193068259508,0.2947905184406905,3.8505921713684477,4.222027491875308,F,0,1
19.8442705315914,0.04571320694411196,1.14798633306881,1.9265011315011455,M,0,0
33.94463840561639,0.18656944031686096,8.241954340148643,8.651042885680386,F,0,1
18.51645309748963,0.3757383403893171,7.295351748752945,7.508497186843409,M,0,1
67.28699424496733,0.9060435232386019,1.397557314482606,1.884534681622082,M,0,1
60.25464953436597,0.9479798070102193,3.134651261710389,3.551022417897181,M,0,1
45.15597322000347,0.1917623554875768,7.810396030783862,8.07682566517155,F,0,0
14.324802147335074,0.6932941431559774,4.81797246461415,5.54279921654378,M,0,1
41.902674064013155,0.6489720441084775,1.7752766760962535,2.2174697059252018,M,0,1
72.53748415443167,0.8291364580431527,8.736314278286354,9.190781823247505,M,0,1
28.8070210762026,0.32725499714815576,9.152591231489163,9.228292220538368,M,1,0
66.9277905765391,0.28074300966051047,1.698843787687352,2.6292323653097873,M,0,0
42.01160836353795,0.9242770880264074,9.436886879875093,9.968628605386465,F,0,1
18.361607321498298,0.7133920822189136,2.678346216015215,3.428401763894434,F,0,1
49.52711764522199,0.1496744186601776,3.175217322088705,3.8182694671283084,F,0,0
27.18436941302385,0.34607887925453795,8.206019970511605,8.574902794261021,F,0,1
39.58271392320532,0.6522643668246244,3.817088322448087,4.9141740326486865,M,0,0
29.656506961110786,0.8566015630482496,8.07332869686609,8.566281673638752,M,0,1
47.91023945800416,0.17967009591246397,7.1353350893901935,8.419455148565135,M,0,1
17.48587141316566,0.6956349208349252,3.0221815452330594,3.497551469656376,M,1,0
45.159977535509405,0.12269452665579472,6.136825882330457,7.64255321660009,M,0,0
93.85702641689596,0.6184826005580341,6.871683284584579,7.986897771491252,F,1,0
38.21261167975781,0.2867506610238607,4.781107450562249,5.006955241650287,M,0,1
13.386003875712422,0.08360275916171178,2.2305428215333567,3.7426161315735214,M,1,1
48.31007713122369,0.9204084268842774,0.7487209686324248,1.9702965774803523,F,0,0
88.43101069439322,0.6361102333095604,9.651142179220239,10.04530187823819,F,0,1
53.61659963422352,0.27835663921998655,0.4978552416246529,0.5083370542997288,F,0,1
45.3586670100565,0.1333789931384034,4.460339813655151,5.055109761707039,F,0,1
78.68242636017392,0.23742997170150815,2.069537831824327,2.527061155364096,F,0,0
65.48910847649316,0.6125357081366125,8.007577953241173,8.603591815803874,M,1,0
39.54583483803184,0.42115861294406565,3.572207799415988,3.9199353187449804,F,0,1
57.82707022969362,0.8871891689311956,0.8264696293332086,1.2858237872052931,M,0,0
30.81785254519028,0.9590337506063131,2.4797252148007285,2.92747184537269,F,1,0
35.401724710046075,0.1370045997695981,6.621022227753124,7.185714398408854,M,0,1
72.50942778589723,0.6334101547909935,4.0208281516862705,5.450074409525227,M,0,0
20.34150445612806,0.42484601772784814,0.5524998219483035,0.7010857369253988,F,0,1
55.34498358615007,0.1467103272409489,4.159300895376151,4.42375691889153,M,0,0
37.43575640749488,0.03191173800783431,1.464347035573197,2.6209890959666207,M,0,0
21.8467604886282,0.42384713089929416,5.884733975325972,6.135575907736722,F,0,1
12.095196537136351,0.11307840798375257,8.176543859731755,8.239695780528761,F,0,0
23.39528180011545,0.6260440200402544,4.565259826941446,5.044341771895785,F,0,1
94.2440916004774,0.788413754577003,1.3984112210694688,1.536894843693968,M,0,0
50.350616723877586,0.011693537999188486,8.377199468508184,8.889581684115052,M,0,0
66.9189322112215,0.5355175268904916,0.29631869413166534,0.48278855442249524,M,0,0
19.061057168493775,0.12036144827354689,3.864796294173589,4.7620722315592054,F,1,0
42.77265956047048,0.5645073608323354,1.7512937004440976,2.3636217621957636,F,0,1
33.533492009883545,0.475828102840971,5.253315916632909,6.475270554366963,F,0,1
47.38029177315137,0.13420923469539336,8.21253367282691,8.939471501692267,F,0,1
25.393780077389938,0.4796576212124155,8.66692411508644,8.707219781930394,F,0,1
41.82533142881258,0.7165314719874438,5.293695761469795,6.68254879929827,M,0,1
63.446493937738396,0.7339613153055393,1.765650358198596,3.2321052857844,M,0,1
59.96869555173478,0.30705989876437134,7.643763937290352,8.536628798767374,F,0,0
87.54036324119224,0.3140757184544526,8.79142166806464,8.92962456284837,M,1,0
98.17995975878002,0.1679425734912784,6.430646427876123,6.640117314121914,M,0,1
12.782787499092695,0.9200703323782864,8.436238423374503,8.81764984407958,M,0,1
16.106515182585056,0.6454799603867146,0.435120658625483,1.5616985414912643,M,0,1
98.28527801714222,0.9266537304742841,8.39888357438419,9.015482999232276,F,0,0
33.51683990082854,0.8792499424082217,5.398718125943902,5.48709973221347,M,1,1
52.2410492658363,0.06123000841212567,4.589283230748369,4.655911767019335,M,0,1
68.2269797733322,0.1696401072286996,6.453160668211054,6.905696223087764,M,0,1
46.38929695629129,0.010499496072363446,1.7559954287257362,1.7768852118319853,M,0,0
77.80154338083852,0.6465164321910896,9.889425785987921,11.093758844801243,M,0,1
79.72234942860246,0.19786423165187572,0.6975493435490021,1.257445116985454,M,0,0
78.69234757741123,0.6386992979980854,7.224013590934375,8.202549564725697,F,0,0
96.72801133842083,0.18742978660782106,7.160312561871801,7.432165954794683,M,1,0
64.41209649176659,0.4502039167927393,9.08864880339613,9.892317288718083,F,0,1
96.29477381200152,0.4422810548895215,7.144442262178298,8.207587358763487,F,0,1
69.63207708435759,0.862393579473999,5.775944711226757,6.220167219213991,M,0,0
51.82227804523799,0.8024543705854194,6.732766487358367,8.121675093272355,F,0,1
97.88668481648295,0.6924096669667463,7.828910228731761,8.629122416169121,M,0,0
83.61570645020753,0.991118247495312,5.97091694647737,6.834845567873886,M,0,1
53.600738770542314,0.829181935050787,0.11565244084212556,0.7336908066593735,M,1,1
15.438837886059849,0.9086820160057705,7.375612210540318,7.405252935667768,F,1,1
56.48895694263574,0.6810792818822474,5.676447816451323,5.803887265117972,M,1,0
43.940540652476685,0.7084791234470771,4.726604095189134,4.749315730780268,M,0,0
89.66809149431683,0.9895963797911834,3.517564664570637,4.1287445407896195,M,0,0
12.314475534915847,0.8792503666152635,9.158668263978791,9.361812755566017,M,0,0
70.5210237432832,0.9266464376253083,9.490567478316693,9.626499702337423,F,0,1
91.55464254140938,0.3436692643476571,8.499267044324828,9.247952804127669,M,0,1
75.77481928817872,0.6136931515177306,0.4052483662872308,0.9817647303796148,F,0,0
77.66312301490792,0.9534288571333697,4.326992304984909,4.4147316919601955,M,0,0
16.673007492185242,0.2951236881932102,3.097847456599684,4.120876039815883,M,0,0
99.97149100704637,0.9224160070831671,9.221015542107619,9.983241610280476,F,0,1
26.00685606579893,0.780094679909662,2.6703982824374073,2.869842764707233,F,1,1
80.66621668970284,0.0182583436285495,2.5376378339056913,2.736711928556151,F,0,0
87.83199934440289,0.016580992058598087,7.947850375316058,8.56534437329934,F,0,0
44.2844833877013,0.1602683520301199,2.9353793694733787,3.907226912508622,F,0,0
14.724547246182691,0.5302679317126773,1.6296765715992312,1.7932376012820255,M,0,1
41.906431631446374,0.10363875541716783,0.07363870798977046,0.5509812391935827,M,0,1
17.156341588001244,0.5086592299665896,6.58800940159315,7.1078901857638375,F,0,1
89.56826560654987,0.8655989649834651,3.0887030882556843,4.014458210539238,F,0,0
32.38045388540205,0.6147161648146323,5.51508800513827,5.72334263255411,F,0,1
48.98258924726481,0.2959090636393983,9.74549185514679,10.780849914894397,M,1,1
75.76417609100841,0.6055956063806064,0.09777023690498043,0.8543301639457306,M,0,1
65.70926831762648,0.19892958558170248,6.7866956272757815,6.844552838052459,F,0,1
59.158757726571686,0.41300215216095537,4.2917711114318315,5.412873174877992,M,0,1
50.11110308852509,0.8295879738975563,0.22722050032933594,1.418139519733278,F,0,1
12.68333053798942,0.12302618838711699,9.750179097034106,9.782675742431726,M,0,1
87.31385722779346,0.681654693539875,7.887220208254746,8.854564145054837,F,0,1
50.85090188869311,0.5946297787294282,4.0924873252013665,4.169795954358665,M,0,1
38.05311726161155,0.1262719356280968,8.713040059767035,9.560079489861042,M,0,0
43.95945421287609,0.46666471518605135,6.471514103896084,6.826398289841455,M,0,1
37.12569260231644,0.5847167977907414,5.462506518912726,6.327075749750676,F,0,1
18.5462556183262,0.011765689802805346,5.24291033140413,6.602194616823493,F,0,1
28.231717113582395,0.007782444180317816,3.468712495844265,4.77054391471454,M,0,1
81.93391454540512,0.12442404465806878,4.023685384976636,4.893465758757802,M,1,0
14.792775364818828,0.3273141578007428,2.470498014718264,2.6465062863667423,F,0,1
48.69752725930676,0.34802565683802333,4.042465645848755,4.417508563033913,M,0,0
47.27363835653825,0.9058199883752516,1.3150657609482597,1.8765440827136,M,0,1
90.85207354073171,0.251267930509116,4.627860974738915,5.622591325827736,M,0,0
96.60062745997524,0.5185097695700333,3.0235288238360325,3.18730765622345,M,0,0
99.36781336118817,0.04127771468277064,5.072176261338248,5.51728613732049,M,0,0
63.55863846222367,0.85887973370144,2.235198213498417,2.56333162598175,M,0,0
50.07839865751983,0.6442715757941566,5.936206218110512,6.448989788636356,F,0,1
45.99308087101771,0.13993363707003637,2.1585776524772604,3.333325660822154,M,0,1
52.595650515034194,0.4866515815211625,3.2818099501630336,3.551089798796566,M,0,1
53.69810091168516,0.75024105692247,9.812055783776607,10.623624126371439,F,0,0
77.78291764459811,0.9812443014364879,6.99557692354862,7.908321045267676,M,0,0
64.81765156214028,0.7168312958891208,5.855860098948816,6.660549466527427,F,0,1
27.310940627321866,0.2166218996583893,3.0502197126024697,3.958677472837441,F,0,1
64.77492328515049,0.8418154297517283,8.549893350034248,8.829373268396097,F,0,0
96.8862434618524,0.518354767313211,1.2568005871813859,1.471342151170965,M,0,0
31.018506012268368,0.6106399680543637,5.7104865784099434,6.236898630633882,M,0,0
60.98442714278701,0.47798148906244375,1.0356690274973068,1.483296942710292,M,0,0
